dt,weather,visibility,pop,dt_txt,main_temp,main_feels_like,main_temp_min,main_temp_max,main_pressure,main_sea_level,main_grnd_level,main_humidity,main_temp_kf,clouds_all,wind_speed,wind_deg,wind_gust,sys_pod,rain_3h,city,country_code,lat,lon,date,hour,temperature_c,humidity_percent,wind_speed_m_s,visibility_10m,city_name,rainfall_mm,snowfall_cm,dew_point_temperature_c,solar_radiation_mj_m2
1749384000,NA,10000,0,2025-06-08T12:00:00Z,22.76,23.26,22.76,24.45,1008,1008,999,83,-1.69,0,2.17,262,3.46,n,NA,Seoul,KR,37.5683,126.9778,2025-06-08,12,22.76,83,2.17,10,Seoul,NA,0,19.360000000000003,2
1749394800,NA,10000,0,2025-06-08T15:00:00Z,22.8,23.2,22.8,22.89,1008,1008,1000,79,-0.09,25,1.97,213,3.14,n,NA,Seoul,KR,37.5683,126.9778,2025-06-08,15,22.8,79,1.97,10,Seoul,NA,0,18.6,1.4142135623730951
1749405600,NA,10000,0,2025-06-08T18:00:00Z,21.84,22.3,21.38,21.84,1009,1009,999,85,0.46,57,1.43,210,2.49,n,NA,Seoul,KR,37.5683,126.9778,2025-06-08,18,21.84,85,1.43,10,Seoul,NA,0,18.84,2.4492935982947064e-16
1749416400,NA,10000,0.2,2025-06-08T21:00:00Z,21.88,22.03,21.88,21.88,1009,1009,999,73,0,100,1.45,198,2.01,d,0.11,Seoul,KR,37.5683,126.9778,2025-06-08,21,21.88,73,1.45,10,Seoul,0.11,0,16.479999999999997,0
1749438000,NA,10000,0,2025-06-09T03:00:00Z,27.86,27.42,27.86,27.86,1007,1007,998,38,0,95,2.23,208,1.85,d,NA,Seoul,KR,37.5683,126.9778,2025-06-09,3,27.86,38,2.23,10,Seoul,NA,0,15.459999999999999,0
1749448800,NA,10000,0,2025-06-09T06:00:00Z,29.87,28.56,29.87,29.87,1006,1006,996,29,0,73,4.42,243,2.77,d,NA,Seoul,KR,37.5683,126.9778,2025-06-09,6,29.87,29,4.42,10,Seoul,NA,0,15.670000000000002,0
1749459600,NA,10000,0,2025-06-09T09:00:00Z,27.72,27.04,27.72,27.72,1005,1005,996,33,0,21,4.31,246,3.48,d,NA,Seoul,KR,37.5683,126.9778,2025-06-09,9,27.72,33,4.31,10,Seoul,NA,0,14.319999999999999,1.414213562373095
1749470400,NA,10000,0,2025-06-09T12:00:00Z,23.3,23.02,23.3,23.3,1007,1007,997,51,0,42,1.97,246,2.89,n,NA,Seoul,KR,37.5683,126.9778,2025-06-09,12,23.3,51,1.97,10,Seoul,NA,0,13.5,2
1749481200,NA,10000,0,2025-06-09T15:00:00Z,21.51,21.31,21.51,21.51,1008,1008,998,61,0,17,1.84,234,2.75,n,NA,Seoul,KR,37.5683,126.9778,2025-06-09,15,21.51,61,1.84,10,Seoul,NA,0,13.71,1.4142135623730951
1749492000,NA,10000,0,2025-06-09T18:00:00Z,19.99,20.16,19.99,19.99,1008,1008,998,81,0,59,0.86,206,1.34,n,NA,Seoul,KR,37.5683,126.9778,2025-06-09,18,19.99,81,0.86,10,Seoul,NA,0,16.189999999999998,2.4492935982947064e-16
1749502800,NA,10000,0,2025-06-09T21:00:00Z,20.22,20.44,20.22,20.22,1007,1007,998,82,0,99,1.24,195,2.44,d,NA,Seoul,KR,37.5683,126.9778,2025-06-09,21,20.22,82,1.24,10,Seoul,NA,0,16.619999999999997,0
1749524400,NA,10000,0,2025-06-10T03:00:00Z,25.52,25.54,25.52,25.52,1007,1007,997,54,0,100,4.96,242,6.8,d,NA,Seoul,KR,37.5683,126.9778,2025-06-10,3,25.52,54,4.96,10,Seoul,NA,0,16.32,0
1749535200,NA,10000,0,2025-06-10T06:00:00Z,24.24,24.23,24.24,24.24,1006,1006,997,58,0,99,5.99,250,8.48,d,NA,Seoul,KR,37.5683,126.9778,2025-06-10,6,24.24,58,5.99,10,Seoul,NA,0,15.839999999999998,0
1749546000,NA,10000,0,2025-06-10T09:00:00Z,22.69,22.74,22.69,22.69,1006,1006,996,66,0,89,5.26,259,7.61,d,NA,Seoul,KR,37.5683,126.9778,2025-06-10,9,22.69,66,5.26,10,Seoul,NA,0,15.89,1.414213562373095
1749556800,NA,10000,0,2025-06-10T12:00:00Z,20.4,20.09,20.4,20.4,1008,1008,999,61,0,96,2.84,265,7.44,n,NA,Seoul,KR,37.5683,126.9778,2025-06-10,12,20.4,61,2.84,10,Seoul,NA,0,12.599999999999998,2
1749567600,NA,10000,0,2025-06-10T15:00:00Z,19.49,19.09,19.49,19.49,1009,1009,1000,61,0,78,1.55,261,3.43,n,NA,Seoul,KR,37.5683,126.9778,2025-06-10,15,19.49,61,1.55,10,Seoul,NA,0,11.689999999999998,1.4142135623730951
1749578400,NA,10000,0,2025-06-10T18:00:00Z,18.44,18.06,18.44,18.44,1009,1009,1000,66,0,93,1.35,262,2.95,n,NA,Seoul,KR,37.5683,126.9778,2025-06-10,18,18.44,66,1.35,10,Seoul,NA,0,11.64,2.4492935982947064e-16
1749589200,NA,10000,0,2025-06-10T21:00:00Z,18.21,17.78,18.21,18.21,1011,1011,1001,65,0,100,0.98,235,1.3,d,NA,Seoul,KR,37.5683,126.9778,2025-06-10,21,18.21,65,0.98,10,Seoul,NA,0,11.21,0
1749610800,NA,10000,0,2025-06-11T03:00:00Z,27.53,26.65,27.53,27.53,1010,1010,1001,27,0,78,5.43,303,8.11,d,NA,Seoul,KR,37.5683,126.9778,2025-06-11,3,27.53,27,5.43,10,Seoul,NA,0,12.930000000000001,0
1749621600,NA,10000,0,2025-06-11T06:00:00Z,28.82,27.49,28.82,28.82,1009,1009,1000,25,0,53,5.79,285,7.45,d,NA,Seoul,KR,37.5683,126.9778,2025-06-11,6,28.82,25,5.79,10,Seoul,NA,0,13.82,0
1749632400,NA,10000,0,2025-06-11T09:00:00Z,26.65,26.65,26.65,26.65,1010,1010,1000,34,0,85,3.88,278,5.72,d,NA,Seoul,KR,37.5683,126.9778,2025-06-11,9,26.65,34,3.88,10,Seoul,NA,0,13.45,1.414213562373095
1749643200,NA,10000,0,2025-06-11T12:00:00Z,24.05,23.69,24.05,24.05,1011,1011,1002,45,0,68,1.57,226,2.71,n,NA,Seoul,KR,37.5683,126.9778,2025-06-11,12,24.05,45,1.57,10,Seoul,NA,0,13.05,2
1749654000,NA,10000,0,2025-06-11T15:00:00Z,22.31,21.98,22.31,22.31,1012,1012,1003,53,0,21,1.41,207,2.12,n,NA,Seoul,KR,37.5683,126.9778,2025-06-11,15,22.31,53,1.41,10,Seoul,NA,0,12.909999999999998,1.4142135623730951
1749664800,NA,10000,0,2025-06-11T18:00:00Z,21,20.64,21,21,1013,1013,1003,57,0,55,0.52,212,0.6,n,NA,Seoul,KR,37.5683,126.9778,2025-06-11,18,21,57,0.52,10,Seoul,NA,0,12.4,2.4492935982947064e-16
1749675600,NA,10000,0,2025-06-11T21:00:00Z,20.03,19.68,20.03,20.03,1014,1014,1004,61,0,87,0.75,98,1.13,d,NA,Seoul,KR,37.5683,126.9778,2025-06-11,21,20.03,61,0.75,10,Seoul,NA,0,12.23,0
1749697200,NA,10000,0,2025-06-12T03:00:00Z,29.56,28.35,29.56,29.56,1013,1013,1003,30,0,100,1.47,133,2.43,d,NA,Seoul,KR,37.5683,126.9778,2025-06-12,3,29.56,30,1.47,10,Seoul,NA,0,15.559999999999999,0
1749708000,NA,10000,0,2025-06-12T06:00:00Z,30.36,28.88,30.36,30.36,1012,1012,1002,27,0,98,3.69,179,3.26,d,NA,Seoul,KR,37.5683,126.9778,2025-06-12,6,30.36,27,3.69,10,Seoul,NA,0,15.76,0
1749718800,NA,10000,0,2025-06-12T09:00:00Z,28.6,27.6,28.6,28.6,1012,1012,1003,31,0,100,2.89,224,2.84,d,NA,Seoul,KR,37.5683,126.9778,2025-06-12,9,28.6,31,2.89,10,Seoul,NA,0,14.8,1.414213562373095
1749729600,NA,10000,0,2025-06-12T12:00:00Z,25.71,25.41,25.71,25.71,1013,1013,1004,41,0,100,1.31,259,1.64,n,NA,Seoul,KR,37.5683,126.9778,2025-06-12,12,25.71,41,1.31,10,Seoul,NA,0,13.91,2
1749740400,NA,10000,0,2025-06-12T15:00:00Z,23.67,23.32,23.67,23.67,1014,1014,1004,47,0,100,1.16,212,1.51,n,NA,Seoul,KR,37.5683,126.9778,2025-06-12,15,23.67,47,1.16,10,Seoul,NA,0,13.070000000000002,1.4142135623730951
1749751200,NA,10000,0,2025-06-12T18:00:00Z,22.41,22.01,22.41,22.41,1015,1015,1005,50,0,100,1.55,254,2.11,n,NA,Seoul,KR,37.5683,126.9778,2025-06-12,18,22.41,50,1.55,10,Seoul,NA,0,12.41,2.4492935982947064e-16
1749762000,NA,10000,0,2025-06-12T21:00:00Z,21.51,21.13,21.51,21.51,1014,1014,1005,54,0,89,0.42,153,0.48,d,NA,Seoul,KR,37.5683,126.9778,2025-06-12,21,21.51,54,0.42,10,Seoul,NA,0,12.310000000000002,0
1749783600,NA,10000,0,2025-06-13T03:00:00Z,29.8,28.57,29.8,29.8,1013,1013,1003,30,0,90,2.26,224,2.9,d,NA,Seoul,KR,37.5683,126.9778,2025-06-13,3,29.8,30,2.26,10,Seoul,NA,0,15.8,0
1749794400,NA,10000,0,2025-06-13T06:00:00Z,28.02,27.55,28.02,28.02,1012,1012,1002,38,0,95,4.63,260,3.97,d,NA,Seoul,KR,37.5683,126.9778,2025-06-13,6,28.02,38,4.63,10,Seoul,NA,0,15.62,0
1749805200,NA,10000,0.52,2025-06-13T09:00:00Z,22.96,23.11,22.96,22.96,1012,1012,1002,69,0,100,2.67,245,3.29,d,0.3,Seoul,KR,37.5683,126.9778,2025-06-13,9,22.96,69,2.67,10,Seoul,0.3,0,16.76,1.414213562373095
1749384000,NA,10000,0,2025-06-08T12:00:00Z,18.83,18.99,18.2,18.83,1010,1010,1009,85,0.63,0,3.72,49,6.3,d,NA,New York,US,40.7143,-74.006,2025-06-08,12,18.83,85,3.72,10,New York,NA,0,15.829999999999998,2
1749394800,NA,10000,0,2025-06-08T15:00:00Z,20.37,20.5,20.37,23.44,1010,1010,1009,78,-3.07,33,4.44,95,5.76,d,NA,New York,US,40.7143,-74.006,2025-06-08,15,20.37,78,4.44,10,New York,NA,0,15.97,1.4142135623730951
1749405600,NA,10000,0,2025-06-08T18:00:00Z,21.72,21.8,21.72,23.16,1011,1011,1009,71,-1.44,67,6.59,126,7.58,d,NA,New York,US,40.7143,-74.006,2025-06-08,18,21.72,71,6.59,10,New York,NA,0,15.919999999999998,2.4492935982947064e-16
1749416400,NA,10000,0.33,2025-06-08T21:00:00Z,21.28,21.42,21.28,21.28,1011,1011,1009,75,0,100,5.98,122,7.89,d,0.1,New York,US,40.7143,-74.006,2025-06-08,21,21.28,75,5.98,10,New York,0.1,0,16.28,0
1749438000,NA,10000,0.29,2025-06-09T03:00:00Z,17.53,17.51,17.53,17.53,1013,1013,1011,83,0,100,5.27,104,7.78,n,0.14,New York,US,40.7143,-74.006,2025-06-09,3,17.53,83,5.27,10,New York,0.14,0,14.13,0
1749448800,NA,10000,0,2025-06-09T06:00:00Z,17.13,17.07,17.13,17.13,1013,1013,1011,83,0,100,4.51,106,6.28,n,NA,New York,US,40.7143,-74.006,2025-06-09,6,17.13,83,4.51,10,New York,NA,0,13.729999999999999,0
1749459600,NA,10000,0,2025-06-09T09:00:00Z,16.83,16.71,16.83,16.83,1012,1012,1010,82,0,100,5.02,105,7.35,n,NA,New York,US,40.7143,-74.006,2025-06-09,9,16.83,82,5.02,10,New York,NA,0,13.229999999999999,1.414213562373095
1749470400,NA,10000,0,2025-06-09T12:00:00Z,17.11,16.99,17.11,17.11,1014,1014,1013,81,0,99,4.49,96,5.5,d,NA,New York,US,40.7143,-74.006,2025-06-09,12,17.11,81,4.49,10,New York,NA,0,13.309999999999999,2
1749481200,NA,10000,0,2025-06-09T15:00:00Z,19.37,19.27,19.37,19.37,1014,1014,1012,73,0,100,4.28,119,5.24,d,NA,New York,US,40.7143,-74.006,2025-06-09,15,19.37,73,4.28,10,New York,NA,0,13.97,1.4142135623730951
1749492000,NA,10000,0,2025-06-09T18:00:00Z,21.32,21.31,21.32,21.32,1014,1014,1012,69,0,98,4.49,154,4.54,d,NA,New York,US,40.7143,-74.006,2025-06-09,18,21.32,69,4.49,10,New York,NA,0,15.120000000000001,2.4492935982947064e-16
1749502800,NA,10000,0,2025-06-09T21:00:00Z,20.51,20.57,20.51,20.51,1013,1013,1012,75,0,88,5.62,146,6.4,d,NA,New York,US,40.7143,-74.006,2025-06-09,21,20.51,75,5.62,10,New York,NA,0,15.510000000000002,0
1749524400,NA,10000,0,2025-06-10T03:00:00Z,18.68,18.9,18.68,18.68,1013,1013,1011,88,0,100,5.16,106,7.46,n,NA,New York,US,40.7143,-74.006,2025-06-10,3,18.68,88,5.16,10,New York,NA,0,16.28,0
1749535200,NA,10000,0,2025-06-10T06:00:00Z,18.61,18.93,18.61,18.61,1011,1011,1010,92,0,100,3.99,103,6.18,n,NA,New York,US,40.7143,-74.006,2025-06-10,6,18.61,92,3.99,10,New York,NA,0,17.009999999999998,0
1749546000,NA,10000,0.2,2025-06-10T09:00:00Z,18.67,19.02,18.67,18.67,1010,1010,1008,93,0,100,4.03,92,6.8,n,0.11,New York,US,40.7143,-74.006,2025-06-10,9,18.67,93,4.03,10,New York,0.11,0,17.270000000000003,1.414213562373095
1749556800,NA,345,1,2025-06-10T12:00:00Z,18.7,19.16,18.7,18.7,1010,1010,1008,97,0,100,2.25,129,4.5,d,2.26,New York,US,40.7143,-74.006,2025-06-10,12,18.7,97,2.25,0.345,New York,2.26,0,18.099999999999998,2
1749567600,NA,3695,1,2025-06-10T15:00:00Z,18.99,19.5,18.99,18.99,1009,1009,1008,98,0,100,1.45,155,2.52,d,6.73,New York,US,40.7143,-74.006,2025-06-10,15,18.99,98,1.45,3.695,New York,6.73,0,18.59,1.4142135623730951
1749578400,NA,10000,1,2025-06-10T18:00:00Z,20.17,20.72,20.17,20.17,1009,1009,1008,95,0,100,2.15,250,5.28,d,0.83,New York,US,40.7143,-74.006,2025-06-10,18,20.17,95,2.15,10,New York,0.83,0,19.17,2.4492935982947064e-16
1749589200,NA,10000,0.2,2025-06-10T21:00:00Z,22.49,22.94,22.49,22.49,1010,1010,1008,82,0,100,2.14,283,3.68,d,0.12,New York,US,40.7143,-74.006,2025-06-10,21,22.49,82,2.14,10,New York,0.12,0,18.889999999999997,0
1749610800,NA,10000,0.2,2025-06-11T03:00:00Z,20.22,20.6,20.22,20.22,1012,1012,1010,88,0,32,2.67,236,6.98,n,0.18,New York,US,40.7143,-74.006,2025-06-11,3,20.22,88,2.67,10,New York,0.18,0,17.82,0
1749621600,NA,10000,0,2025-06-11T06:00:00Z,18.66,18.8,18.66,18.66,1013,1013,1012,85,0,34,3.53,273,6.86,n,NA,New York,US,40.7143,-74.006,2025-06-11,6,18.66,85,3.53,10,New York,NA,0,15.66,0
1749632400,NA,10000,0,2025-06-11T09:00:00Z,17.72,17.64,17.72,17.72,1015,1015,1013,80,0,0,3.02,280,6.1,n,NA,New York,US,40.7143,-74.006,2025-06-11,9,17.72,80,3.02,10,New York,NA,0,13.719999999999999,1.414213562373095
1749643200,NA,10000,0,2025-06-11T12:00:00Z,19.76,19.51,19.76,19.76,1017,1017,1015,66,0,0,3.23,292,4.68,d,NA,New York,US,40.7143,-74.006,2025-06-11,12,19.76,66,3.23,10,New York,NA,0,12.96,2
1749654000,NA,10000,0,2025-06-11T15:00:00Z,24.22,23.92,24.22,24.22,1017,1017,1016,47,0,0,3.86,264,5.37,d,NA,New York,US,40.7143,-74.006,2025-06-11,15,24.22,47,3.86,10,New York,NA,0,13.62,1.4142135623730951
1749664800,NA,10000,0,2025-06-11T18:00:00Z,26.8,26.72,26.8,26.8,1016,1016,1014,40,0,0,4.55,244,6.44,d,NA,New York,US,40.7143,-74.006,2025-06-11,18,26.8,40,4.55,10,New York,NA,0,14.8,2.4492935982947064e-16
1749675600,NA,10000,0,2025-06-11T21:00:00Z,27.36,27.03,27.36,27.36,1015,1015,1014,38,0,37,6.35,267,7.24,d,NA,New York,US,40.7143,-74.006,2025-06-11,21,27.36,38,6.35,10,New York,NA,0,14.959999999999999,0
1749697200,NA,10000,0,2025-06-12T03:00:00Z,21.87,21.68,21.87,21.87,1018,1018,1017,60,0,0,2.5,271,5.11,n,NA,New York,US,40.7143,-74.006,2025-06-12,3,21.87,60,2.5,10,New York,NA,0,13.870000000000001,0
1749708000,NA,10000,0,2025-06-12T06:00:00Z,20.57,20.28,20.57,20.57,1019,1019,1017,61,0,1,2.72,285,6.03,n,NA,New York,US,40.7143,-74.006,2025-06-12,6,20.57,61,2.72,10,New York,NA,0,12.77,0
1749718800,NA,10000,0,2025-06-12T09:00:00Z,19.45,19.17,19.45,19.45,1019,1019,1017,66,0,49,2.05,254,2.97,n,NA,New York,US,40.7143,-74.006,2025-06-12,9,19.45,66,2.05,10,New York,NA,0,12.649999999999999,1.414213562373095
1749729600,NA,10000,0,2025-06-12T12:00:00Z,21.53,21.31,21.53,21.53,1020,1020,1018,60,0,40,2.93,248,3.99,d,NA,New York,US,40.7143,-74.006,2025-06-12,12,21.53,60,2.93,10,New York,NA,0,13.530000000000001,2
1749740400,NA,10000,0,2025-06-12T15:00:00Z,26.66,26.66,26.66,26.66,1019,1019,1017,45,0,47,4.64,250,6.26,d,NA,New York,US,40.7143,-74.006,2025-06-12,15,26.66,45,4.64,10,New York,NA,0,15.66,1.4142135623730951
1749751200,NA,10000,0,2025-06-12T18:00:00Z,29.4,28.83,29.4,29.4,1017,1017,1016,38,0,48,5.64,242,6.9,d,NA,New York,US,40.7143,-74.006,2025-06-12,18,29.4,38,5.64,10,New York,NA,0,17,2.4492935982947064e-16
1749762000,NA,10000,0,2025-06-12T21:00:00Z,29.18,28.79,29.18,29.18,1016,1016,1015,40,0,88,5.56,251,7.14,d,NA,New York,US,40.7143,-74.006,2025-06-12,21,29.18,40,5.56,10,New York,NA,0,17.18,0
1749783600,NA,10000,0,2025-06-13T03:00:00Z,24.79,25,24.79,24.79,1016,1016,1015,64,0,100,3.92,234,9.17,n,NA,New York,US,40.7143,-74.006,2025-06-13,3,24.79,64,3.92,10,New York,NA,0,17.59,0
1749794400,NA,10000,0,2025-06-13T06:00:00Z,23.01,23.25,23.01,23.01,1017,1017,1015,72,0,100,4.56,242,11.19,n,NA,New York,US,40.7143,-74.006,2025-06-13,6,23.01,72,4.56,10,New York,NA,0,17.410000000000004,0
1749805200,NA,10000,0,2025-06-13T09:00:00Z,21.68,21.91,21.68,21.68,1016,1016,1015,77,0,78,2.83,243,7.61,n,NA,New York,US,40.7143,-74.006,2025-06-13,9,21.68,77,2.83,10,New York,NA,0,17.08,1.414213562373095
1749384000,NA,10000,0,2025-06-08T12:00:00Z,17.63,16.94,17.63,17.72,1021,1021,1011,57,-0.09,75,4.02,292,7.1,d,NA,Paris,FR,48.8534,2.3488,2025-06-08,12,17.63,57,4.02,10,Paris,NA,0,9.03,2
1749394800,NA,10000,0,2025-06-08T15:00:00Z,18.2,17.41,18.2,19.35,1021,1021,1012,51,-1.15,64,4.78,295,6.81,d,NA,Paris,FR,48.8534,2.3488,2025-06-08,15,18.2,51,4.78,10,Paris,NA,0,8.399999999999999,1.4142135623730951
1749405600,NA,10000,0,2025-06-08T18:00:00Z,18.39,17.51,18.39,18.77,1022,1022,1012,47,-0.38,40,3.63,327,4.62,d,NA,Paris,FR,48.8534,2.3488,2025-06-08,18,18.39,47,3.63,10,Paris,NA,0,7.790000000000001,2.4492935982947064e-16
1749416400,NA,10000,0,2025-06-08T21:00:00Z,14.31,13.39,14.31,14.31,1024,1024,1014,61,0,5,1.56,324,4.37,n,NA,Paris,FR,48.8534,2.3488,2025-06-08,21,14.31,61,1.56,10,Paris,NA,0,6.510000000000001,0
1749438000,NA,10000,0,2025-06-09T03:00:00Z,12.07,11.26,12.07,12.07,1024,1024,1014,74,0,60,0.94,279,1,n,NA,Paris,FR,48.8534,2.3488,2025-06-09,3,12.07,74,0.94,10,Paris,NA,0,6.87,0
1749448800,NA,10000,0,2025-06-09T06:00:00Z,13.72,12.84,13.72,13.72,1024,1024,1015,65,0,45,0.89,251,1.46,d,NA,Paris,FR,48.8534,2.3488,2025-06-09,6,13.72,65,0.89,10,Paris,NA,0,6.720000000000001,0
1749459600,NA,10000,0,2025-06-09T09:00:00Z,18.58,17.64,18.58,18.58,1024,1024,1015,44,0,5,1.75,281,2.97,d,NA,Paris,FR,48.8534,2.3488,2025-06-09,9,18.58,44,1.75,10,Paris,NA,0,7.379999999999999,1.414213562373095
1749470400,NA,10000,0,2025-06-09T12:00:00Z,22.24,21.54,22.24,22.24,1023,1023,1013,39,0,7,2.15,275,3.27,d,NA,Paris,FR,48.8534,2.3488,2025-06-09,12,22.24,39,2.15,10,Paris,NA,0,10.04,2
1749481200,NA,10000,0,2025-06-09T15:00:00Z,23.65,23.04,23.65,23.65,1022,1022,1012,37,0,5,2.37,273,3.15,d,NA,Paris,FR,48.8534,2.3488,2025-06-09,15,23.65,37,2.37,10,Paris,NA,0,11.049999999999999,1.4142135623730951
1749492000,NA,10000,0,2025-06-09T18:00:00Z,22.57,21.98,22.57,22.57,1021,1021,1012,42,0,20,1.65,282,2.74,d,NA,Paris,FR,48.8534,2.3488,2025-06-09,18,22.57,42,1.65,10,Paris,NA,0,10.97,2.4492935982947064e-16
1749502800,NA,10000,0,2025-06-09T21:00:00Z,18.47,18.02,18.47,18.47,1021,1021,1012,63,0,60,1.22,347,1.95,n,NA,Paris,FR,48.8534,2.3488,2025-06-09,21,18.47,63,1.22,10,Paris,NA,0,11.069999999999999,0
1749524400,NA,10000,0,2025-06-10T03:00:00Z,14.5,14.02,14.5,14.5,1021,1021,1011,77,0,58,1.27,351,1.06,n,NA,Paris,FR,48.8534,2.3488,2025-06-10,3,14.5,77,1.27,10,Paris,NA,0,9.9,0
1749535200,NA,10000,0,2025-06-10T06:00:00Z,16.03,15.49,16.03,16.03,1021,1021,1011,69,0,78,0.79,322,1.27,d,NA,Paris,FR,48.8534,2.3488,2025-06-10,6,16.03,69,0.79,10,Paris,NA,0,9.830000000000002,0
1749546000,NA,10000,0,2025-06-10T09:00:00Z,21.21,20.69,21.21,21.21,1020,1020,1011,50,0,91,1.72,281,2.84,d,NA,Paris,FR,48.8534,2.3488,2025-06-10,9,21.21,50,1.72,10,Paris,NA,0,11.21,1.414213562373095
1749556800,NA,10000,0,2025-06-10T12:00:00Z,24.85,24.36,24.85,24.85,1020,1020,1010,37,0,92,2.86,290,4,d,NA,Paris,FR,48.8534,2.3488,2025-06-10,12,24.85,37,2.86,10,Paris,NA,0,12.250000000000002,2
1749567600,NA,10000,0,2025-06-10T15:00:00Z,25.47,25.01,25.47,25.47,1019,1019,1010,36,0,100,3.15,302,3.81,d,NA,Paris,FR,48.8534,2.3488,2025-06-10,15,25.47,36,3.15,10,Paris,NA,0,12.669999999999998,1.4142135623730951
1749578400,NA,10000,0,2025-06-10T18:00:00Z,24.01,23.51,24.01,24.01,1019,1019,1009,40,0,80,2.95,318,2.78,d,NA,Paris,FR,48.8534,2.3488,2025-06-10,18,24.01,40,2.95,10,Paris,NA,0,12.010000000000002,2.4492935982947064e-16
1749589200,NA,10000,0,2025-06-10T21:00:00Z,19.65,19.32,19.65,19.65,1020,1020,1010,63,0,39,1.84,1,5.49,n,NA,Paris,FR,48.8534,2.3488,2025-06-10,21,19.65,63,1.84,10,Paris,NA,0,12.249999999999998,0
1749610800,NA,10000,0,2025-06-11T03:00:00Z,15.47,15.21,15.47,15.47,1019,1019,1010,82,0,1,1.77,53,4.73,n,NA,Paris,FR,48.8534,2.3488,2025-06-11,3,15.47,82,1.77,10,Paris,NA,0,11.870000000000001,0
1749621600,NA,10000,0,2025-06-11T06:00:00Z,17.24,16.9,17.24,17.24,1019,1019,1009,72,0,3,1.97,76,3.31,d,NA,Paris,FR,48.8534,2.3488,2025-06-11,6,17.24,72,1.97,10,Paris,NA,0,11.639999999999999,0
1749632400,NA,10000,0,2025-06-11T09:00:00Z,23.39,23.12,23.39,23.39,1018,1018,1008,51,0,45,3.02,95,4.19,d,NA,Paris,FR,48.8534,2.3488,2025-06-11,9,23.39,51,3.02,10,Paris,NA,0,13.59,1.414213562373095
1749643200,NA,10000,0,2025-06-11T12:00:00Z,27.81,27.32,27.81,27.81,1016,1016,1007,37,0,32,3.81,102,4.19,d,NA,Paris,FR,48.8534,2.3488,2025-06-11,12,27.81,37,3.81,10,Paris,NA,0,15.209999999999999,2
1749654000,NA,10000,0,2025-06-11T15:00:00Z,29.28,28.38,29.28,29.28,1014,1014,1005,34,0,44,4.46,100,4.9,d,NA,Paris,FR,48.8534,2.3488,2025-06-11,15,29.28,34,4.46,10,Paris,NA,0,16.080000000000002,1.4142135623730951
1749664800,NA,10000,0,2025-06-11T18:00:00Z,27.55,27.47,27.55,27.55,1013,1013,1003,43,0,33,4.27,89,6.3,d,NA,Paris,FR,48.8534,2.3488,2025-06-11,18,27.55,43,4.27,10,Paris,NA,0,16.15,2.4492935982947064e-16
1749675600,NA,10000,0,2025-06-11T21:00:00Z,23.13,23.14,23.13,23.13,1012,1012,1002,63,0,23,4.77,88,12.37,n,NA,Paris,FR,48.8534,2.3488,2025-06-11,21,23.13,63,4.77,10,Paris,NA,0,15.729999999999999,0
1749697200,NA,10000,0,2025-06-12T03:00:00Z,19.94,19.87,19.94,19.94,1011,1011,1002,72,0,100,0.68,201,1.76,n,NA,Paris,FR,48.8534,2.3488,2025-06-12,3,19.94,72,0.68,10,Paris,NA,0,14.340000000000002,0
1749708000,NA,10000,0,2025-06-12T06:00:00Z,20.71,20.74,20.71,20.71,1012,1012,1003,73,0,100,2.95,213,5.26,d,NA,Paris,FR,48.8534,2.3488,2025-06-12,6,20.71,73,2.95,10,Paris,NA,0,15.31,0
1749718800,NA,10000,0,2025-06-12T09:00:00Z,24.07,24.18,24.07,24.07,1014,1014,1004,63,0,100,5.03,211,7.58,d,NA,Paris,FR,48.8534,2.3488,2025-06-12,9,24.07,63,5.03,10,Paris,NA,0,16.67,1.414213562373095
1749729600,NA,10000,0,2025-06-12T12:00:00Z,28.44,28.3,28.44,28.44,1014,1014,1005,43,0,72,4.88,221,7.84,d,NA,Paris,FR,48.8534,2.3488,2025-06-12,12,28.44,43,4.88,10,Paris,NA,0,17.04,2
1749740400,NA,10000,0,2025-06-12T15:00:00Z,29.51,28.94,29.51,29.51,1015,1015,1005,38,0,1,4.72,218,7.55,d,NA,Paris,FR,48.8534,2.3488,2025-06-12,15,29.51,38,4.72,10,Paris,NA,0,17.11,1.4142135623730951
1749751200,NA,10000,0,2025-06-12T18:00:00Z,27.89,27.57,27.89,27.89,1016,1016,1006,40,0,1,2.96,248,4.69,d,NA,Paris,FR,48.8534,2.3488,2025-06-12,18,27.89,40,2.96,10,Paris,NA,0,15.89,2.4492935982947064e-16
1749762000,NA,10000,0,2025-06-12T21:00:00Z,23.53,23.53,23.53,23.53,1018,1018,1008,61,0,27,1.37,324,1.46,n,NA,Paris,FR,48.8534,2.3488,2025-06-12,21,23.53,61,1.37,10,Paris,NA,0,15.73,0
1749783600,NA,10000,0,2025-06-13T03:00:00Z,21.67,21.69,21.67,21.67,1018,1018,1008,69,0,97,1.59,39,3.74,n,NA,Paris,FR,48.8534,2.3488,2025-06-13,3,21.67,69,1.59,10,Paris,NA,0,15.470000000000002,0
1749794400,NA,10000,0,2025-06-13T06:00:00Z,22.64,22.71,22.64,22.64,1018,1018,1008,67,0,80,2.4,72,4.79,d,NA,Paris,FR,48.8534,2.3488,2025-06-13,6,22.64,67,2.4,10,Paris,NA,0,16.04,0
1749805200,NA,10000,0,2025-06-13T09:00:00Z,29.28,30.03,29.28,29.28,1017,1017,1008,50,0,10,3.37,98,4.95,d,NA,Paris,FR,48.8534,2.3488,2025-06-13,9,29.28,50,3.37,10,Paris,NA,0,19.28,1.414213562373095
1749384000,NA,10000,0,2025-06-08T12:00:00Z,16.45,15.51,16.31,16.45,1018,1018,1014,52,0.14,40,4.98,284,8.05,d,NA,London,GB,51.5085,-0.1257,2025-06-08,12,16.45,52,4.98,10,London,NA,0,6.85,2
1749394800,NA,10000,0,2025-06-08T15:00:00Z,16.66,15.74,16.66,17.07,1018,1018,1015,52,-0.41,60,4.22,286,7.98,d,NA,London,GB,51.5085,-0.1257,2025-06-08,15,16.66,52,4.22,10,London,NA,0,7.0600000000000005,1.4142135623730951
1749405600,NA,10000,0,2025-06-08T18:00:00Z,17.32,16.52,17.32,17.76,1019,1019,1015,54,-0.44,69,4.41,265,8.37,d,NA,London,GB,51.5085,-0.1257,2025-06-08,18,17.32,54,4.41,10,London,NA,0,8.120000000000001,2.4492935982947064e-16
1749416400,NA,10000,0,2025-06-08T21:00:00Z,13.33,12.62,13.33,13.33,1021,1021,1016,73,0,20,3.31,255,8.76,n,NA,London,GB,51.5085,-0.1257,2025-06-08,21,13.33,73,3.31,10,London,NA,0,7.93,0
1749438000,NA,10000,0,2025-06-09T03:00:00Z,10.19,9.51,10.19,10.19,1021,1021,1017,86,0,19,2.38,238,7.45,n,NA,London,GB,51.5085,-0.1257,2025-06-09,3,10.19,86,2.38,10,London,NA,0,7.39,0
1749448800,NA,10000,0,2025-06-09T06:00:00Z,11.92,11.2,11.92,11.92,1022,1022,1017,78,0,32,2.76,249,5.43,d,NA,London,GB,51.5085,-0.1257,2025-06-09,6,11.92,78,2.76,10,London,NA,0,7.52,0
1749459600,NA,10000,0,2025-06-09T09:00:00Z,16.9,16.21,16.9,16.9,1022,1022,1017,60,0,53,2.95,249,4.23,d,NA,London,GB,51.5085,-0.1257,2025-06-09,9,16.9,60,2.95,10,London,NA,0,8.899999999999999,1.414213562373095
1749470400,NA,10000,0,2025-06-09T12:00:00Z,17.52,16.82,17.52,17.52,1021,1021,1017,57,0,63,2.98,240,4.91,d,NA,London,GB,51.5085,-0.1257,2025-06-09,12,17.52,57,2.98,10,London,NA,0,8.92,2
1749481200,NA,10000,0,2025-06-09T15:00:00Z,18.33,17.63,18.33,18.33,1020,1020,1016,54,0,100,3.02,245,5.78,d,NA,London,GB,51.5085,-0.1257,2025-06-09,15,18.33,54,3.02,10,London,NA,0,9.129999999999999,1.4142135623730951
1749492000,NA,10000,0,2025-06-09T18:00:00Z,17.61,17.07,17.61,17.61,1020,1020,1015,63,0,100,3.8,253,6.39,d,NA,London,GB,51.5085,-0.1257,2025-06-09,18,17.61,63,3.8,10,London,NA,0,10.209999999999999,2.4492935982947064e-16
1749502800,NA,10000,0,2025-06-09T21:00:00Z,14.8,14.29,14.8,14.8,1019,1019,1015,75,0,100,3.76,232,8.57,n,NA,London,GB,51.5085,-0.1257,2025-06-09,21,14.8,75,3.76,10,London,NA,0,9.8,0
1749524400,NA,10000,0,2025-06-10T03:00:00Z,12.49,12.01,12.49,12.49,1018,1018,1013,85,0,96,4.14,239,11.11,n,NA,London,GB,51.5085,-0.1257,2025-06-10,3,12.49,85,4.14,10,London,NA,0,9.49,0
1749535200,NA,10000,0,2025-06-10T06:00:00Z,13.37,12.9,13.37,13.37,1018,1018,1013,82,0,95,4.33,242,11.05,d,NA,London,GB,51.5085,-0.1257,2025-06-10,6,13.37,82,4.33,10,London,NA,0,9.77,0
1749546000,NA,10000,0,2025-06-10T09:00:00Z,16.45,16.16,16.45,16.45,1018,1018,1014,77,0,100,4.23,258,7.92,d,NA,London,GB,51.5085,-0.1257,2025-06-10,9,16.45,77,4.23,10,London,NA,0,11.85,1.414213562373095
1749556800,NA,10000,0.2,2025-06-10T12:00:00Z,19.48,19.21,19.48,19.48,1018,1018,1014,66,0,100,4.54,255,6.93,d,0.12,London,GB,51.5085,-0.1257,2025-06-10,12,19.48,66,4.54,10,London,0.12,0,12.68,2
1749567600,NA,10000,0.97,2025-06-10T15:00:00Z,21,20.72,21,21,1018,1018,1013,60,0,100,3.93,271,6.02,d,0.35,London,GB,51.5085,-0.1257,2025-06-10,15,21,60,3.93,10,London,0.35,0,13,1.4142135623730951
1749578400,NA,10000,0.72,2025-06-10T18:00:00Z,19.91,19.73,19.91,19.91,1018,1018,1014,68,0,99,3.01,275,5.36,d,0.26,London,GB,51.5085,-0.1257,2025-06-10,18,19.91,68,3.01,10,London,0.26,0,13.51,2.4492935982947064e-16
1749589200,NA,10000,0,2025-06-10T21:00:00Z,16.94,16.8,16.94,16.94,1019,1019,1015,81,0,92,1.69,268,4.53,n,NA,London,GB,51.5085,-0.1257,2025-06-10,21,16.94,81,1.69,10,London,NA,0,13.14,0
1749610800,NA,10000,0,2025-06-11T03:00:00Z,13.72,13.52,13.72,13.72,1019,1019,1014,91,0,4,1.48,235,1.71,n,NA,London,GB,51.5085,-0.1257,2025-06-11,3,13.72,91,1.48,10,London,NA,0,11.92,0
1749621600,NA,10000,0,2025-06-11T06:00:00Z,15.66,15.4,15.66,15.66,1019,1019,1014,81,0,2,0.74,184,1.18,d,NA,London,GB,51.5085,-0.1257,2025-06-11,6,15.66,81,0.74,10,London,NA,0,11.86,0
1749632400,NA,10000,0,2025-06-11T09:00:00Z,20.61,20.27,20.61,20.61,1018,1018,1014,59,0,5,2.18,122,2.91,d,NA,London,GB,51.5085,-0.1257,2025-06-11,9,20.61,59,2.18,10,London,NA,0,12.41,1.414213562373095
1749643200,NA,10000,0,2025-06-11T12:00:00Z,24.21,23.94,24.21,24.21,1017,1017,1012,48,0,34,2.95,126,3.52,d,NA,London,GB,51.5085,-0.1257,2025-06-11,12,24.21,48,2.95,10,London,NA,0,13.81,2
1749654000,NA,10000,0,2025-06-11T15:00:00Z,24.68,24.48,24.68,24.68,1015,1015,1011,49,0,58,4.45,105,4.8,d,NA,London,GB,51.5085,-0.1257,2025-06-11,15,24.68,49,4.45,10,London,NA,0,14.48,1.4142135623730951
1749664800,NA,10000,0,2025-06-11T18:00:00Z,21.79,21.54,21.79,21.79,1014,1014,1010,58,0,81,4.27,90,6.4,d,NA,London,GB,51.5085,-0.1257,2025-06-11,18,21.79,58,4.27,10,London,NA,0,13.389999999999999,2.4492935982947064e-16
1749675600,NA,10000,0,2025-06-11T21:00:00Z,17.25,17.15,17.25,17.25,1014,1014,1010,81,0,66,4.08,84,10.77,n,NA,London,GB,51.5085,-0.1257,2025-06-11,21,17.25,81,4.08,10,London,NA,0,13.45,0
1749697200,NA,10000,0,2025-06-12T03:00:00Z,18.2,18.11,18.2,18.2,1011,1011,1007,78,0,100,3.75,114,13.19,n,NA,London,GB,51.5085,-0.1257,2025-06-12,3,18.2,78,3.75,10,London,NA,0,13.799999999999999,0
1749708000,NA,10000,0,2025-06-12T06:00:00Z,18.44,18.43,18.44,18.44,1009,1009,1005,80,0,100,3.1,92,5.59,d,NA,London,GB,51.5085,-0.1257,2025-06-12,6,18.44,80,3.1,10,London,NA,0,14.440000000000001,0
1749718800,NA,10000,0.24,2025-06-12T09:00:00Z,21.13,21.31,21.13,21.13,1010,1010,1006,77,0,99,4.47,181,9.3,d,0.18,London,GB,51.5085,-0.1257,2025-06-12,9,21.13,77,4.47,10,London,0.18,0,16.53,1.414213562373095
1749729600,NA,10000,1,2025-06-12T12:00:00Z,18.96,19.05,18.96,18.96,1012,1012,1007,82,0,100,4.77,237,9.8,d,2.4,London,GB,51.5085,-0.1257,2025-06-12,12,18.96,82,4.77,10,London,2.4,0,15.360000000000001,2
1749740400,NA,10000,0,2025-06-12T15:00:00Z,23.66,23.44,23.66,23.66,1013,1013,1008,52,0,39,5.52,217,8.42,d,NA,London,GB,51.5085,-0.1257,2025-06-12,15,23.66,52,5.52,10,London,NA,0,14.06,1.4142135623730951
1749751200,NA,10000,0,2025-06-12T18:00:00Z,22.15,21.99,22.15,22.15,1014,1014,1010,60,0,33,4.42,209,9.76,d,NA,London,GB,51.5085,-0.1257,2025-06-12,18,22.15,60,4.42,10,London,NA,0,14.149999999999999,2.4492935982947064e-16
1749762000,NA,10000,0,2025-06-12T21:00:00Z,18.3,18.2,18.3,18.3,1017,1017,1012,77,0,4,2.83,190,8.02,n,NA,London,GB,51.5085,-0.1257,2025-06-12,21,18.3,77,2.83,10,London,NA,0,13.700000000000001,0
1749783600,NA,10000,0,2025-06-13T03:00:00Z,15.69,15.53,15.69,15.69,1018,1018,1014,85,0,74,2,149,6.31,n,NA,London,GB,51.5085,-0.1257,2025-06-13,3,15.69,85,2,10,London,NA,0,12.69,0
1749794400,NA,10000,0,2025-06-13T06:00:00Z,18.17,18.05,18.17,18.17,1019,1019,1015,77,0,44,2.4,160,6.58,d,NA,London,GB,51.5085,-0.1257,2025-06-13,6,18.17,77,2.4,10,London,NA,0,13.570000000000002,0
1749805200,NA,10000,0,2025-06-13T09:00:00Z,23.69,23.66,23.69,23.69,1019,1019,1015,59,0,83,2.43,148,4.15,d,NA,London,GB,51.5085,-0.1257,2025-06-13,9,23.69,59,2.43,10,London,NA,0,15.490000000000002,1.414213562373095
1749384000,NA,10000,0,2025-06-08T12:00:00Z,23.43,23.58,23.43,25.18,1020,1020,1013,67,-1.75,75,4.84,191,4.29,d,NA,Barcelona,ES,41.3888,2.159,2025-06-08,12,23.43,67,4.84,10,Barcelona,NA,0,16.83,2
1749394800,NA,10000,0,2025-06-08T15:00:00Z,24.03,24.19,24.03,25.23,1020,1020,1013,65,-1.2,53,4.8,186,5.01,d,NA,Barcelona,ES,41.3888,2.159,2025-06-08,15,24.03,65,4.8,10,Barcelona,NA,0,17.03,1.4142135623730951
1749405600,NA,10000,0,2025-06-08T18:00:00Z,23.35,23.44,23.31,23.35,1020,1020,1013,65,0.04,31,3.29,189,3.67,d,NA,Barcelona,ES,41.3888,2.159,2025-06-08,18,23.35,65,3.29,10,Barcelona,NA,0,16.35,2.4492935982947064e-16
1749416400,NA,10000,0,2025-06-08T21:00:00Z,22.19,22.21,22.19,22.19,1021,1021,1014,67,0,7,1.61,212,1.43,n,NA,Barcelona,ES,41.3888,2.159,2025-06-08,21,22.19,67,1.61,10,Barcelona,NA,0,15.590000000000002,0
1749438000,NA,10000,0,2025-06-09T03:00:00Z,21.2,21.2,21.2,21.2,1020,1020,1012,70,0,3,1.62,267,1.74,n,NA,Barcelona,ES,41.3888,2.159,2025-06-09,3,21.2,70,1.62,10,Barcelona,NA,0,15.2,0
1749448800,NA,10000,0,2025-06-09T06:00:00Z,21.27,21.28,21.27,21.27,1020,1020,1013,70,0,3,1.69,258,1.83,d,NA,Barcelona,ES,41.3888,2.159,2025-06-09,6,21.27,70,1.69,10,Barcelona,NA,0,15.27,0
1749459600,NA,10000,0,2025-06-09T09:00:00Z,23.58,23.59,23.58,23.58,1020,1020,1013,61,0,0,2.78,203,2.29,d,NA,Barcelona,ES,41.3888,2.159,2025-06-09,9,23.58,61,2.78,10,Barcelona,NA,0,15.779999999999998,1.414213562373095
1749470400,NA,10000,0,2025-06-09T12:00:00Z,24.81,24.97,24.81,24.81,1020,1020,1013,62,0,0,4.55,193,4.23,d,NA,Barcelona,ES,41.3888,2.159,2025-06-09,12,24.81,62,4.55,10,Barcelona,NA,0,17.21,2
1749481200,NA,10000,0,2025-06-09T15:00:00Z,25.21,25.46,25.21,25.21,1019,1019,1012,64,0,1,4.47,199,4.72,d,NA,Barcelona,ES,41.3888,2.159,2025-06-09,15,25.21,64,4.47,10,Barcelona,NA,0,18.01,1.4142135623730951
1749492000,NA,10000,0,2025-06-09T18:00:00Z,24.05,24.36,24.05,24.05,1019,1019,1012,71,0,0,4.4,207,5.48,d,NA,Barcelona,ES,41.3888,2.159,2025-06-09,18,24.05,71,4.4,10,Barcelona,NA,0,18.25,2.4492935982947064e-16
1749502800,NA,10000,0,2025-06-09T21:00:00Z,23.62,23.87,23.62,23.62,1020,1020,1013,70,0,8,2.55,214,3.07,n,NA,Barcelona,ES,41.3888,2.159,2025-06-09,21,23.62,70,2.55,10,Barcelona,NA,0,17.62,0
1749524400,NA,10000,0,2025-06-10T03:00:00Z,22.81,23.05,22.81,22.81,1017,1017,1010,73,0,100,3.75,216,3.63,n,NA,Barcelona,ES,41.3888,2.159,2025-06-10,3,22.81,73,3.75,10,Barcelona,NA,0,17.409999999999997,0
1749535200,NA,10000,0,2025-06-10T06:00:00Z,22.63,22.93,22.63,22.63,1019,1019,1011,76,0,96,3.35,243,5.04,d,NA,Barcelona,ES,41.3888,2.159,2025-06-10,6,22.63,76,3.35,10,Barcelona,NA,0,17.83,0
1749546000,NA,10000,0,2025-06-10T09:00:00Z,25.74,25.91,25.74,25.74,1019,1019,1012,59,0,68,1.14,220,1.7,d,NA,Barcelona,ES,41.3888,2.159,2025-06-10,9,25.74,59,1.14,10,Barcelona,NA,0,17.54,1.414213562373095
1749556800,NA,10000,0,2025-06-10T12:00:00Z,27.12,28.01,27.12,27.12,1019,1019,1012,57,0,70,4.09,187,4,d,NA,Barcelona,ES,41.3888,2.159,2025-06-10,12,27.12,57,4.09,10,Barcelona,NA,0,18.520000000000003,2
1749567600,NA,10000,0,2025-06-10T15:00:00Z,26.69,27.64,26.69,26.69,1017,1017,1010,59,0,0,4.5,188,4.62,d,NA,Barcelona,ES,41.3888,2.159,2025-06-10,15,26.69,59,4.5,10,Barcelona,NA,0,18.490000000000002,1.4142135623730951
1749578400,NA,10000,0.21,2025-06-10T18:00:00Z,27.59,28.24,27.59,27.59,1019,1019,1011,53,0,6,3.42,298,4.03,d,0.28,Barcelona,ES,41.3888,2.159,2025-06-10,18,27.59,53,3.42,10,Barcelona,0.28,0,18.189999999999998,2.4492935982947064e-16
1749589200,NA,10000,0,2025-06-10T21:00:00Z,25.89,25.89,25.89,25.89,1016,1016,1009,52,0,99,1.61,314,2.22,n,NA,Barcelona,ES,41.3888,2.159,2025-06-10,21,25.89,52,1.61,10,Barcelona,NA,0,16.29,0
1749610800,NA,10000,0,2025-06-11T03:00:00Z,24.23,24.2,24.23,24.23,1015,1015,1008,57,0,95,1.81,297,2.13,n,NA,Barcelona,ES,41.3888,2.159,2025-06-11,3,24.23,57,1.81,10,Barcelona,NA,0,15.63,0
1749621600,NA,10000,0,2025-06-11T06:00:00Z,24.18,24.14,24.18,24.18,1016,1016,1008,57,0,97,2.76,261,3.58,d,NA,Barcelona,ES,41.3888,2.159,2025-06-11,6,24.18,57,2.76,10,Barcelona,NA,0,15.58,0
1749632400,NA,10000,0,2025-06-11T09:00:00Z,27.19,27.47,27.19,27.19,1015,1015,1008,48,0,76,4.87,223,5.64,d,NA,Barcelona,ES,41.3888,2.159,2025-06-11,9,27.19,48,4.87,10,Barcelona,NA,0,16.79,1.414213562373095
1749643200,NA,10000,0,2025-06-11T12:00:00Z,28.06,28.52,28.06,28.06,1014,1014,1007,50,0,86,5.11,201,5.89,d,NA,Barcelona,ES,41.3888,2.159,2025-06-11,12,28.06,50,5.11,10,Barcelona,NA,0,18.06,2
1749654000,NA,10000,0,2025-06-11T15:00:00Z,27.31,28.01,27.31,27.31,1014,1014,1006,54,0,99,4.75,195,5.38,d,NA,Barcelona,ES,41.3888,2.159,2025-06-11,15,27.31,54,4.75,10,Barcelona,NA,0,18.11,1.4142135623730951
1749664800,NA,10000,0,2025-06-11T18:00:00Z,25.67,25.91,25.67,25.67,1013,1013,1006,62,0,98,3.64,199,4.37,d,NA,Barcelona,ES,41.3888,2.159,2025-06-11,18,25.67,62,3.64,10,Barcelona,NA,0,18.07,2.4492935982947064e-16
1749675600,NA,10000,0,2025-06-11T21:00:00Z,24.71,24.96,24.71,24.71,1013,1013,1006,66,0,99,2.56,89,2.74,n,NA,Barcelona,ES,41.3888,2.159,2025-06-11,21,24.71,66,2.56,10,Barcelona,NA,0,17.91,0
1749697200,NA,10000,0,2025-06-12T03:00:00Z,23.61,23.7,23.61,23.61,1013,1013,1006,64,0,36,1.69,61,1.97,n,NA,Barcelona,ES,41.3888,2.159,2025-06-12,3,23.61,64,1.69,10,Barcelona,NA,0,16.41,0
1749708000,NA,10000,0,2025-06-12T06:00:00Z,23.22,23.22,23.22,23.22,1014,1014,1006,62,0,47,3.91,70,5.61,d,NA,Barcelona,ES,41.3888,2.159,2025-06-12,6,23.22,62,3.91,10,Barcelona,NA,0,15.62,0
1749718800,NA,10000,0,2025-06-12T09:00:00Z,24.22,24.45,24.22,24.22,1015,1015,1008,67,0,67,6.63,87,7.65,d,NA,Barcelona,ES,41.3888,2.159,2025-06-12,9,24.22,67,6.63,10,Barcelona,NA,0,17.619999999999997,1.414213562373095
1749729600,NA,10000,0,2025-06-12T12:00:00Z,25.04,25.24,25.04,25.04,1015,1015,1008,63,0,55,5.62,95,6.63,d,NA,Barcelona,ES,41.3888,2.159,2025-06-12,12,25.04,63,5.62,10,Barcelona,NA,0,17.64,2
1749740400,NA,10000,0,2025-06-12T15:00:00Z,25.24,25.46,25.24,25.24,1015,1015,1008,63,0,35,5.87,91,6.8,d,NA,Barcelona,ES,41.3888,2.159,2025-06-12,15,25.24,63,5.87,10,Barcelona,NA,0,17.839999999999996,1.4142135623730951
1749751200,NA,10000,0,2025-06-12T18:00:00Z,24.33,24.59,24.33,24.33,1015,1015,1008,68,0,27,5.2,85,6.57,d,NA,Barcelona,ES,41.3888,2.159,2025-06-12,18,24.33,68,5.2,10,Barcelona,NA,0,17.93,2.4492935982947064e-16
1749762000,NA,10000,0,2025-06-12T21:00:00Z,23.35,23.73,23.35,23.35,1016,1016,1009,76,0,79,4.56,71,6.83,n,NA,Barcelona,ES,41.3888,2.159,2025-06-12,21,23.35,76,4.56,10,Barcelona,NA,0,18.55,0
1749783600,NA,10000,0,2025-06-13T03:00:00Z,22.24,22.5,22.24,22.24,1017,1017,1010,76,0,97,3.97,50,5.57,n,NA,Barcelona,ES,41.3888,2.159,2025-06-13,3,22.24,76,3.97,10,Barcelona,NA,0,17.439999999999998,0
1749794400,NA,10000,0,2025-06-13T06:00:00Z,22.42,22.68,22.42,22.42,1017,1017,1010,75,0,98,5.32,60,7.82,d,NA,Barcelona,ES,41.3888,2.159,2025-06-13,6,22.42,75,5.32,10,Barcelona,NA,0,17.42,0
1749805200,NA,10000,0,2025-06-13T09:00:00Z,25.15,25.26,25.15,25.15,1018,1018,1011,59,0,80,5.07,79,6.54,d,NA,Barcelona,ES,41.3888,2.159,2025-06-13,9,25.15,59,5.07,10,Barcelona,NA,0,16.95,1.414213562373095
